model,trial,profile,repeat,side,outcome,caught,stowed,destroyed,unavailable,initial_health,minimum_health,health_loss_percent,duration_s,wire_s,stow_s,missed_approaches,strict_handoffs,press_handoffs
1,1,near_outbound,1,1.0,TIMEOUT,False,False,False,False,100.0,100.0,0.0,900.983333333333,,,6,0,0
1,2,standard_inbound,1,-1.0,TIMEOUT,False,False,False,False,100.0,100.0,0.0,900.983333333333,,,4,0,0
1,3,high_fast,1,1.0,TIMEOUT,False,False,False,False,100.0,100.0,0.0,900.983333333333,,,5,0,0
1,4,crossing,1,-1.0,TIMEOUT,False,False,False,False,100.0,100.0,0.0,900.983333333333,,,6,0,0
1,5,low_return,1,1.0,TIMEOUT,False,False,False,False,100.0,100.0,0.0,900.983333333333,,,6,0,0
1,6,near_outbound,2,-1.0,TIMEOUT,False,False,False,False,100.0,100.0,0.0,900.983333333334,,,6,0,0
1,7,standard_inbound,2,1.0,TIMEOUT,False,False,False,False,100.0,100.0,0.0,900.983333333333,,,4,0,0
1,8,high_fast,2,-1.0,TIMEOUT,False,False,False,False,100.0,100.0,0.0,900.983333333333,,,2,0,0
1,9,crossing,2,1.0,TIMEOUT,False,False,False,False,100.0,100.0,0.0,900.983333333333,,,6,0,0
1,10,low_return,2,-1.0,TIMEOUT,False,False,False,False,100.0,100.0,0.0,900.983333333334,,,6,0,0
2,1,near_outbound,1,1.0,LOST,False,False,True,False,150.0,0.0,100.0,95.9833333333333,,,0,0,0
2,2,standard_inbound,1,-1.0,LOST,False,False,True,False,150.0,0.0,100.0,153.983333333333,,,0,0,0
2,3,high_fast,1,1.0,LOST,False,False,True,False,150.0,0.0,100.0,509.983333333333,,,2,0,0
2,4,crossing,1,-1.0,TIMEOUT,False,False,False,False,150.0,150.0,0.0,900.983333333333,,,3,0,0
2,5,low_return,1,1.0,TIMEOUT,False,False,False,False,150.0,150.0,0.0,900.983333333334,,,2,0,0
2,6,near_outbound,2,-1.0,TIMEOUT,False,False,False,False,150.0,150.0,0.0,900.983333333334,,,2,0,0
2,7,standard_inbound,2,1.0,TIMEOUT,False,False,False,False,150.0,150.0,0.0,900.983333333334,,,3,0,0
2,8,high_fast,2,-1.0,TIMEOUT,False,False,False,False,150.0,150.0,0.0,900.983333333334,,,4,0,0
2,9,crossing,2,1.0,LOST,False,False,True,False,150.0,0.0,100.0,621.983333333334,,,0,0,0
2,10,low_return,2,-1.0,TIMEOUT,False,False,False,False,150.0,150.0,0.0,900.983333333334,,,1,0,0
2,11,near_outbound,3,1.0,TIMEOUT,False,False,False,False,150.0,150.0,0.0,900.983333333334,,,3,0,0
2,12,standard_inbound,3,-1.0,LOST,False,False,True,False,150.0,0.0,100.0,163.983333333333,,,0,0,0
2,13,high_fast,3,1.0,TIMEOUT,False,False,False,False,150.0,150.0,0.0,900.983333333334,,,1,0,0
5,1,near_outbound,1,1.0,TIMEOUT,False,False,False,False,100.0,100.0,0.0,900.983333333333,,,5,0,0
5,2,standard_inbound,1,-1.0,TIMEOUT,False,False,False,False,100.0,100.0,0.0,900.983333333333,,,3,0,0
5,3,high_fast,1,1.0,TIMEOUT,False,False,False,False,100.0,100.0,0.0,900.983333333333,,,5,0,0
5,4,crossing,1,-1.0,TIMEOUT,False,False,False,False,100.0,100.0,0.0,900.983333333334,,,6,0,0
5,5,low_return,1,1.0,TIMEOUT,False,False,False,False,100.0,100.0,0.0,900.983333333334,,,6,0,0
5,6,near_outbound,2,-1.0,TIMEOUT,False,False,False,False,100.0,100.0,0.0,900.983333333334,,,5,0,0
5,7,standard_inbound,2,1.0,TIMEOUT,False,False,False,False,100.0,100.0,0.0,900.983333333334,,,5,0,0
5,8,high_fast,2,-1.0,TIMEOUT,False,False,False,False,100.0,100.0,0.0,900.983333333334,,,6,0,0
5,9,crossing,2,1.0,TIMEOUT,False,False,False,False,100.0,100.0,0.0,900.983333333334,,,5,0,0
5,10,low_return,2,-1.0,TIMEOUT,False,False,False,False,100.0,100.0,0.0,900.983333333334,,,6,0,0
14,1,near_outbound,1,1.0,TIMEOUT,False,False,False,False,100.0,100.0,0.0,900.983333333333,,,3,0,0
14,2,standard_inbound,1,-1.0,TIMEOUT,False,False,False,False,100.0,100.0,0.0,900.983333333333,,,3,0,0
14,3,high_fast,1,1.0,TIMEOUT,False,False,False,False,100.0,100.0,0.0,900.983333333333,,,3,0,0
14,4,crossing,1,-1.0,TIMEOUT,False,False,False,False,100.0,100.0,0.0,900.983333333334,,,3,0,0
14,5,low_return,1,1.0,TIMEOUT,False,False,False,False,100.0,100.0,0.0,900.983333333334,,,3,0,0
14,6,near_outbound,2,-1.0,TIMEOUT,False,False,False,False,100.0,100.0,0.0,900.983333333334,,,3,0,0
14,7,standard_inbound,2,1.0,TIMEOUT,False,False,False,False,100.0,100.0,0.0,900.983333333334,,,3,0,0
14,8,high_fast,2,-1.0,TIMEOUT,False,False,False,False,100.0,100.0,0.0,900.983333333334,,,3,0,0
14,9,crossing,2,1.0,TIMEOUT,False,False,False,False,100.0,100.0,0.0,900.983333333334,,,3,0,0
14,10,low_return,2,-1.0,TIMEOUT,False,False,False,False,100.0,100.0,0.0,900.983333333334,,,3,0,0
14,11,near_outbound,3,1.0,TIMEOUT,False,False,False,False,100.0,100.0,0.0,900.983333333332,,,3,0,0
