t,x,y,z,speed,vertical_speed,bank_deg,api_height,mesh_height,api_clearance,mesh_clearance,revision,leg,cross_track,remaining,checked_corridor,terrain_vs_floor,pitch,roll,reacquire
500.316666666667,1987.421,1033.055,603.0417,112.03871130602869,-5.095571,0.8237414220595846,482.0,481.999755859375,551.055053710938,551.055297851563,2.0,6.0,10.0500831604004,3105.06046084447,False,-inf,-0.0253669679090478,-0.0585193670735465,False
501.316666666667,1938.996,1027.36,501.4705,113.28212530441904,-6.021264,-0.046008510949005106,482.0,482.0,545.359985351563,545.359985351563,2.0,6.0,10.3745708465576,2992.53643727981,False,-inf,-0.0354283407034495,0.0109032499885322,False
502.316666666667,1890.679,1020.636,398.5662,114.47638879478889,-7.393087,0.11419048856957306,482.0,482.0,538.635986328125,538.635986328125,2.0,7.0,315.370330810547,2878.8539600261,False,-inf,-0.0222595823408567,-0.00499042826727661,False
503.333333333333,1841.069,1012.422,292.9049,115.69354685709733,-8.696824,0.15240677350479898,482.0,482.0,530.421997070313,530.421997070313,2.0,7.0,198.719146728516,2762.12664239127,False,-inf,-0.0357002035638208,0.0182192076475401,False
504.333333333333,1791.248,1003.288,188.212,116.87536333882615,-9.419145,0.5586338502525526,482.0,482.0,521.288024902344,521.288024902344,2.0,7.0,83.1354446411133,2646.18387573945,False,-inf,-0.0168198803812623,-0.0470944767693904,False
505.35,1740.525,993.2321,80.51449,118.07569012734332,-10.257,-0.6831375791344805,482.0,482.0,511.232116699219,511.232116699219,3.0,0.0,9.64169120788574,5326.08606205397,True,-inf,-0.00942798367352125,-0.999999933578567,False
506.35,1691.208,982.8161,-25.59472,115.97368352059962,-10.10509,-31.985884575193822,482.0,482.0,500.816101074219,500.816101074219,3.0,0.0,54.2346115112305,5217.90678164302,False,4.64621636808505,0.99830814457036,-1.0,False
507.35,1641.406,975.4598,-125.7426,107.90162934528361,-3.917687,-56.1289509632984,482.0,481.999755859375,493.459777832031,493.460021972656,3.0,0.0,94.115364074707,5113.41108679364,False,3.34704200877175,0.022537550288597,0.399099391278331,False
508.366666666667,1583.746,975.5529,-213.4202,99.8353369551177,3.349883,-49.131474707145166,482.0,482.0,493.552917480469,493.552917480469,3.0,0.0,119.500785827637,5011.58941122156,False,-inf,-0.343487884244287,-0.0862054774658604,False
509.366666666667,1524.488,979.5464,-290.494,94.70966763261025,4.41495,-50.345171204570796,482.0,482.0,497.54638671875,497.54638671875,3.0,0.0,136.006713867188,4915.7798810126,False,-inf,-0.334894464487045,0.0248234755300493,False
510.383333333333,1461.407,983.0281,-360.1295,90.6752109737352,0.538517,-50.04012847444314,482.0,482.0,501.028076171875,501.028076171875,3.0,0.0,144.452774047852,4822.20155084874,False,-inf,-0.246907742446756,-0.00160103177235893,False
511.383333333333,1396.948,979.4493,-421.5541,87.47185017151095,-7.303731,-49.75342039375968,482.0,482.0,497.449279785156,497.449279785156,3.0,0.0,145.927230834961,4733.17459831106,False,6.11812119079418,0.999993678981533,-0.0154057366889986,False
512.383333333333,1331.317,973.8715,-475.2445,82.66591426885509,-2.00792,-50.23384550497688,482.0,481.043701171875,491.871520996094,492.827819824219,3.0,0.0,140.920944213867,4648.52842949699,False,-inf,-0.35,0.0207076537652255,False
513.4,1261.832,974.5856,-519.1297,79.46449000438189,1.448997,-49.96873793316984,479.0,479.0,495.585571289063,495.585571289063,3.0,0.0,126.092880249023,4567.6939140166,False,-inf,-0.0137366843217389,-0.00707012586334824,False
514.4,1193.903,973.465,-558.1785,77.39595963943547,-4.842505,-49.96976925720108,479.0,479.0,494.465026855469,494.465026855469,3.0,0.0,108.763381958008,4491.28158768722,False,-inf,-0.22815591480721,-0.00151171685537752,False
515.416666666667,1125.788,964.1054,-594.8119,76.1464787852787,-13.54255,-47.845299048635496,479.0,479.0,485.105407714844,485.105407714844,3.0,0.0,89.5316009521484,4416.369446373,False,-inf,0.476460158582846,0.996474160537065,False
516.416666666667,1059.997,948.0583,-628.6073,75.27699531794158,-16.12403,-13.920582590498482,479.0,479.0,469.058288574219,469.058288574219,3.0,0.0,69.7884521484375,4345.08954711371,False,-inf,-0.35,0.17343896601464,False
517.416666666667,993.2614,933.1992,-659.5919,74.73705282741888,-15.16886,6.623048337035238,479.0,479.0,454.19921875,454.19921875,3.0,0.0,47.3385925292969,4275.02062244088,True,-inf,-0.385649368286133,0.521586514447087,False
518.433333333333,926.2003,915.5739,-690.0704,74.13190487878616,-18.48938,18.409993394246047,479.0,479.0,436.573913574219,436.573913574219,3.0,0.0,24.295934677124,4205.05521797846,True,-inf,-0.0592705453720545,0.234619312622768,False
519.433333333333,861.5443,899.353,-722.2916,74.0869000343043,-14.92476,29.247833863822645,479.0,479.0,420.35302734375,420.35302734375,3.0,0.0,4.16468524932861,4135.67700381038,True,-inf,0.933935542971137,-0.043648697312748,False
520.45,797.0624,885.0629,-757.7573,73.58623263996738,-12.68996,34.09843726162069,479.0,479.0,406.062927246094,406.062927246094,3.0,0.0,13.4629878997803,4064.22772376458,True,-inf,-0.200922624793182,0.103337429614165,False
521.45,735.4999,872.3272,-796.0171,73.28502719009593,-12.91203,34.83497450726136,479.0,479.0,393.327209472656,393.327209472656,3.0,0.0,27.0575904846191,3993.0312068136,True,-inf,0.942186321726088,0.174838430833455,False
522.45,676.7115,861.1367,-837.4047,72.5810907085291,-9.551027,36.980243083790185,479.0,479.0,382.13671875,382.13671875,3.0,0.0,36.4720840454102,3921.75452638085,True,-inf,-0.217831288170526,-0.0733136719074438,False
523.466666666667,619.4602,851.0209,-882.653,72.37430204366049,-11.2181,17.039077277836526,479.0,479.0,372.020874023438,372.020874023438,3.0,2.0,317.778198242188,3063.71681618572,False,-inf,0.0625136633511646,-1.0,False
524.466666666667,562.9783,838.2363,-926.3053,72.66890079390083,-14.10455,-24.745359622346097,479.0,480.399658203125,359.236328125,357.836669921875,3.0,2.0,267.08251953125,3063.71681618572,False,-inf,0.548847084196331,-0.0288443503465975,False
525.483333333333,503.8511,824.264,-968.6674,73.17786048050941,-12.86075,-27.355869928521155,482.0,482.002197265625,342.263977050781,342.261779785156,3.0,2.0,218.112060546875,3063.71681618572,False,-inf,-0.0290321181645741,-0.291634130697215,False
526.483333333333,443.924,812.0359,-1009.311,73.63504286159613,-11.76299,-25.1684316582707,482.0,482.0,330.035888671875,330.035888671875,3.0,2.0,171.498657226563,3063.71681618572,False,-inf,0.0722328597880486,0.113775715687224,False
527.483333333333,383.2972,800.8387,-1049.758,73.82699792265903,-10.54123,-16.42022556331572,482.0,482.0,318.838684082031,318.838684082031,3.0,2.0,129.435546875,3063.71681618572,False,-inf,0.0556618270898991,0.35840376007981,False
528.5,321.584,790.9635,-1091.482,73.88501952467006,-9.263874,-0.631227602895628,482.0,482.0,308.963500976563,308.963500976563,3.0,2.0,92.5792846679688,3063.71681618572,False,-inf,-0.0421720314432025,0.59392200547255,False
529.5,262.2435,781.5253,-1134.181,73.54666502776753,-9.319888,20.40308438038813,482.0,482.0,299.525329589844,299.525329589844,3.0,2.0,67.86962890625,3063.71681618572,False,-inf,0.286636381633328,0.375225262646263,False
530.5,204.8704,773.5773,-1179.067,72.98879656783087,-6.583601,39.82262940965469,482.0,482.0,291.577270507813,291.577270507813,3.0,2.0,55.6080017089844,3063.71681618572,False,-inf,0.584430940271669,0.274388660859444,False
531.516666666667,150.7836,768.8432,-1228.336,71.08746592298462,-2.45101,47.985444525324496,482.0,482.0,286.843200683594,286.843200683594,3.0,2.0,58.9616088867188,3063.71681618572,False,-inf,0.486901327770957,-0.0308421337381416,False
532.516666666667,105.4307,769.5319,-1281.236,68.22155327351027,3.45262,47.907235786289135,482.0,482.0,287.531921386719,287.531921386719,3.0,2.0,79.8364868164063,3063.71681618572,False,-inf,0.870518418723627,-0.0806135758923406,False
533.516666666667,70.71755,775.6537,-1337.144,64.5207523816239,8.429685,47.910215166823825,482.0,482.0,293.653686523438,293.653686523438,3.0,2.0,115.464660644531,3063.71681618572,False,-inf,0.870682254449612,0.0373781831657317,False
534.516666666667,47.22779,785.7512,-1395.427,63.23288347218558,11.96138,49.47719744072711,482.0,482.0,303.751220703125,303.751220703125,3.0,2.0,161.878967285156,3063.71681618572,False,-inf,0.512220010372691,-0.0928740184481657,False
535.533333333333,35.56573,799.6058,-1456.755,62.7056781183082,15.23645,50.4809622020168,482.0,482.0,317.605773925781,317.605773925781,3.0,2.0,216.117980957031,3063.71681618572,False,-inf,0.410664804169763,-0.0924323849625387,False
536.533333333333,37.18298,816.2915,-1516.626,61.81104229696038,17.98682,51.234688181511395,482.0,482.0,334.29150390625,334.29150390625,3.0,2.0,274.302368164063,3063.71681618572,False,-inf,0.609660813066066,-0.16716269475902,False
537.533333333333,51.47408,835.5494,-1572.759,60.541078469337656,20.20201,51.33575793657248,482.0,482.0,353.549377441406,353.549377441406,3.0,2.0,332.29150390625,3063.71681618572,False,-inf,0.657658728426249,-0.216390355911538,False
538.55,78.01344,856.9026,-1623.061,59.23854441555177,21.85242,50.952563763188984,482.0,482.0,374.902587890625,374.902587890625,3.0,2.0,389.621887207031,3063.71681618572,False,-inf,0.347296198126332,-0.165524131900806,False
539.55,113.8523,879.2161,-1663.869,58.4606391416293,22.59671,51.84924271256872,482.0,482.0,397.216125488281,397.216125488281,3.0,2.0,438.781005859375,3063.71681618572,False,-inf,0.72488418526252,-0.32608325541173,False
540.55,156.9493,902.3692,-1694.785,57.694600664261465,23.25689,50.85647874094554,482.0,482.0,420.369201660156,420.369201660156,3.0,2.0,481.441040039063,3063.71681618572,False,-inf,0.759833878569803,-0.0801099463083781,False
541.566666666667,205.9253,926.1511,-1715.683,57.24080858940674,23.67039,51.2097645174232,482.0,482.0,444.151123046875,444.151123046875,3.0,2.0,517.327575683594,3063.71681618572,False,-inf,0.333206762228315,-0.115869523944266,False
542.566666666667,256.6472,950.0827,-1725.82,56.878372566949984,24.03435,51.15991718924682,485.0,486.96728515625,465.082702636719,463.115417480469,3.0,2.0,546.200073242188,3063.71681618572,False,-inf,0.529720503476596,-0.159155576901201,False
543.583333333333,308.5086,974.857,-1726.763,56.32949891024166,24.85506,51.148629920682744,656.0,625.482666015625,318.856994628906,349.374328613281,3.0,2.0,568.792114257813,3063.71681618572,False,-inf,0.221057727513525,-0.195801698130453,False
544.583333333333,357.8936,1000.01,-1719.745,55.54712165635678,25.70599,38.05631511882538,779.0,768.801513671875,221.010009765625,231.20849609375,3.0,2.0,585.704956054688,3063.71681618572,False,-inf,0.247899484121817,0.898935351614329,False
545.583333333333,404.6347,1026.146,-1706.505,54.820159543257446,26.5472,36.85889062278148,779.0,779.0,247.14599609375,247.14599609375,3.0,2.0,597.973022460938,3063.71681618572,False,-inf,0.0808875280624067,1.0,False
546.6,449.2089,1053.153,-1688.135,53.920941584253704,26.01266,47.83263668136311,779.0,779.0,274.152954101563,274.152954101563,3.0,2.0,607.080688476563,3063.71681618572,False,-inf,0.609037883811917,-0.183393739178484,False
547.6,490.4637,1078.608,-1665.778,52.98406701650884,24.99377,48.60103038041306,776.0,777.033447265625,302.608032226563,301.574584960938,3.0,2.0,612.77099609375,3063.71681618572,False,-inf,0.0973909474218088,-0.0206557039493934,False
548.616666666667,529.6389,1103.368,-1639.374,52.01296574971475,23.69307,50.83533659830521,776.0,776.0,327.368041992188,327.368041992188,3.0,2.0,616.00244140625,3063.71681618572,False,-inf,0.151604971606811,-0.216264483595168,False
549.616666666667,565.5714,1126.126,-1610.286,51.07216942907947,22.24298,50.273207705502365,776.0,776.0,350.1259765625,350.1259765625,3.0,2.0,617.211791992188,3063.71681618572,False,-inf,0.161090751610626,0.0665603489959982,False
550.616666666667,598.899,1148.12,-1579.135,50.32331803755591,21.46963,50.52467888178528,776.0,776.0,372.119995117188,372.119995117188,3.0,2.0,617.118530273438,3063.71681618572,False,-inf,-0.0110442670306554,-0.0851242274641014,False
551.633333333333,630.3918,1169.2,-1545.148,49.749476772169174,19.88101,50.75964887356843,776.0,776.0,393.199951171875,393.199951171875,3.0,2.0,615.705200195313,3063.71681618572,False,-inf,0.49502544289736,-0.196168784476647,False
552.633333333333,659.3298,1188.75,-1510.05,49.375251378196545,19.18499,49.81793544149141,776.0,776.0,412.75,412.75,3.0,2.0,613.645874023438,3063.71681618572,False,-inf,0.0448419280607189,0.13375096385119,False
553.65,686.3192,1207.603,-1472.186,49.407283891479,17.7794,50.803709328013994,776.0,776.0,431.60302734375,431.60302734375,3.0,2.0,610.164794921875,3063.71681618572,False,-inf,0.0559315983096054,-0.167902218950241,False
554.65,710.7563,1224.555,-1432.491,49.81068793811224,16.1803,50.64184875088953,776.0,776.0,448.555053710938,448.555053710938,3.0,2.0,605.660522460938,3063.71681618572,False,-inf,0.445501693510174,-0.224550302461682,False
555.666666666667,733.9659,1240.648,-1390.225,50.2478936345087,15.75872,50.20903643244771,776.0,776.0,464.64794921875,464.64794921875,3.0,2.0,600.848876953125,3063.71681618572,False,-inf,-0.104800899326564,-0.0154749306908251,False
556.666666666667,754.7911,1255.912,-1346.722,50.97361768966766,14.67918,50.34328044384686,776.0,776.0,479.911987304688,479.911987304688,3.0,2.0,595.47998046875,3063.71681618572,False,-inf,0.0792801402428951,-0.0577274534039914,False
557.666666666667,773.2453,1270.095,-1300.826,52.04692174832245,13.71678,50.45048084731584,776.0,776.0,494.094970703125,494.094970703125,3.0,2.0,589.109130859375,3063.71681618572,False,-inf,-0.103217724852722,-0.141456345158957,False
558.683333333333,789.0481,1283.292,-1251.294,53.52036891754297,12.06767,49.96690446822542,776.0,776.0,507.2919921875,507.2919921875,3.0,2.0,581.264770507813,3063.71681618572,False,-inf,0.155252002947938,0.0440563283302681,False
559.683333333333,801.632,1294.382,-1199.613,55.135889369338585,9.955762,50.073932984355864,773.0,773.0,521.381958007813,521.381958007813,3.0,2.0,572.0849609375,3063.71681618572,False,-inf,0.204300252995079,0.0198261291754612,False
560.7,810.4872,1303.659,-1144.047,57.11439094682097,8.105739,50.26524359215004,773.0,772.2666015625,530.659057617188,531.392456054688,3.0,2.0,560.436706542969,3063.71681618572,False,-inf,-0.066682215047443,-0.0788681858408769,False
561.7,814.6879,1310.375,-1086.381,59.289369041853675,5.350144,50.02391376884094,686.0,647.148681640625,624.375,663.226318359375,3.0,2.0,547.102844238281,3063.71681618572,False,-inf,-0.123574543107269,0.0263345939526757,False
562.7,813.9599,1314.553,-1026.011,61.80667883948472,3.216278,49.927141197243344,602.0,602.0,712.552978515625,712.552978515625,3.0,2.0,531.582702636719,3063.71681618572,False,-inf,-0.177089626955055,0.0241375764852242,False
563.7,808.0491,1316.549,-963.158,64.53379717221839,0.68757,50.356343881575846,602.0,602.0,714.548950195313,714.548950195313,3.0,2.0,514.073059082031,3063.71681618572,False,-inf,-0.216783774182503,-0.0925421685362487,False
564.7,796.2999,1315.898,-898.2979,66.80188860722895,-2.057575,50.09977338091626,494.0,501.2373046875,821.89794921875,814.66064453125,3.0,2.0,494.445495605469,3063.71681618572,False,-inf,-0.236143913346667,-0.0241137384929954,False
565.716666666667,778.5186,1312.576,-833.0205,66.66869926581813,-4.84954,43.900713812277836,479.0,479.0,833.576049804688,833.576049804688,3.0,,,,False,-inf,0.0943483006743224,-0.999999999999957,True
566.716666666667,756.8857,1306.668,-768.9414,69.65715623335751,-6.386224,8.535753344520465,479.0,479.0,827.66796875,827.66796875,3.0,,,,False,-inf,-0.0615328956540432,-0.386919722281203,True
567.733333333333,734.1102,1299.824,-699.9882,73.19365053171978,-6.760532,-5.262273573599533,479.0,479.0,820.823974609375,820.823974609375,3.0,,,,False,-inf,-0.0358023666171168,0.233280702870076,True
568.733333333333,711.9783,1294.916,-629.7148,74.08477262759122,-3.474283,-0.8417322968266924,479.0,479.0,815.916015625,815.916015625,3.0,,,,False,-inf,-0.0889176658310137,-0.214048123866462,True
569.75,689.3188,1291.263,-557.7117,74.63654201365814,-3.819834,-1.9329877134328586,479.0,479.0,812.262939453125,812.262939453125,3.0,,,,False,-inf,-0.0661598369909095,-0.113213804094426,True
570.75,666.5601,1287.15,-486.3512,75.40201482349526,-4.67169,-2.9647128151249316,479.0,479.0,808.150024414063,808.150024414063,4.0,0.0,7.52321577072144,4219.80198551465,False,-inf,-0.257756273801778,0.999251489966762,False
571.75,644.6544,1281.693,-414.7711,74.70432589126145,-6.702464,22.82406024793391,479.0,479.0,802.692993164063,802.692993164063,4.0,0.0,82.3800201416016,4277.59433360527,False,-inf,0.312186797155808,1.0,False
572.75,621.2111,1273.809,-345.2082,72.45201685752501,-7.946067,56.250131536968574,479.0,479.0,794.808959960938,794.808959960938,4.0,0.0,155.772476196289,4332.93518343865,False,-inf,0.923234040583713,-0.555882703735916,False
573.766666666667,587.9814,1267.785,-282.5096,67.4939531036286,-3.215304,49.83243127370822,479.0,479.0,788.785034179688,788.785034179688,4.0,0.0,225.971481323242,4378.19508728664,False,-inf,-0.013226425385002,0.0563536323765958,False
574.766666666667,544.6671,1266.281,-233.6989,64.38339798801952,-0.778946,50.16583541469485,479.0,479.0,787.281005859375,787.281005859375,4.0,0.0,287.965728759766,4406.76869755635,False,-inf,0.923047471698246,-0.015353097505685,False
575.783333333333,492.9848,1265.939,-193.5453,64.94052051255504,0.369091,50.72916751886747,479.0,479.0,786.93896484375,786.93896484375,4.0,0.0,347.716094970703,4424.14606860348,False,-inf,0.244672846336315,-0.0550867819580356,False
576.783333333333,435.2051,1266.709,-162.4644,66.22123913240468,1.392568,50.091179013989304,482.0,479.632080078125,784.708984375,787.076904296875,4.0,0.0,405.188140869141,4430.80988834748,False,-inf,0.132333231907489,0.0132820322768467,False
577.783333333333,373.2289,1268.481,-140.3322,65.45840542494524,1.376351,50.225881391624554,482.0,482.0,786.48095703125,786.48095703125,4.0,0.0,460.564331054688,4427.60075904607,False,-inf,0.508694608749914,-0.00811466948750612,False
578.8,307.5583,1269.166,-127.7615,66.58523383927462,-0.067809,50.22972020885193,482.0,481.999755859375,787.166015625,787.166259765625,4.0,0.0,514.094116210938,4414.14387902216,False,-inf,0.240640441033559,0.00024518374096412,False
579.8,241.5137,1268.145,-125.1065,65.38333098341626,-1.874581,50.02517427599023,482.0,481.999755859375,786.14501953125,786.145263671875,4.0,0.0,564.200622558594,4391.3798828283,False,-inf,-0.194588576778303,-0.00569421731863193,False
580.816666666667,175.3256,1265.064,-132.7221,66.31452808449305,-4.431254,49.847098993263565,482.0,482.0,783.06396484375,783.06396484375,4.0,0.0,611.321899414063,4359.06859221286,False,-inf,0.188695459660983,0.0125853731481536,False
581.816666666667,111.4769,1259.232,-149.3653,65.96275001396234,-7.508067,50.197061614529474,482.0,482.0,777.232055664063,777.232055664063,4.0,0.0,655.038635253906,4319.30699010321,False,-inf,-0.300353010590325,-0.0255933526011428,False
582.816666666667,50.51646,1248.931,-172.5249,66.1665797310538,-13.39621,50.097997211751355,479.0,479.0,769.931030273438,769.931030273438,4.0,0.0,696.662170410156,4274.62544486363,False,-inf,-0.225183887845495,-0.00134279316335162,False
583.833333333333,-8.856054,1231.783,-199.9613,67.06702282478476,-20.34241,49.250306153855306,479.0,479.0,752.782958984375,752.782958984375,4.0,0.0,738.52685546875,4226.59759819606,False,-inf,0.177471865575165,0.0498778110208037,False
584.833333333333,-64.56475,1208.652,-230.3516,67.632547830257,-24.2465,33.11655948810499,479.0,479.0,729.651977539063,729.651977539063,4.0,0.0,778.3037109375,4177.2386046865,False,-inf,1.0,-1.0,False
585.85,-117.7019,1188.381,-267.2017,65.4616671157625,-13.80209,30.232977496770587,479.0,478.999755859375,709.380981445313,709.381225585938,4.0,0.0,813.344177246094,4122.89113318455,False,-inf,0.99563748942081,0.107587885013308,False
586.85,-165.7337,1180.593,-309.0604,63.5913353131514,-2.217166,37.702742863450155,482.0,481.71044921875,698.593017578125,698.882568359375,4.0,0.0,841.753723144531,4065.86388465771,False,-inf,-0.315755801881294,0.665940178176675,False
587.866666666667,-210.6984,1180.972,-356.8111,65.44206477697304,1.888944,50.145724596085756,482.0,482.0,698.972045898438,698.972045898438,4.0,0.0,865.078918457031,4004.56227581732,False,-inf,-0.211512673627617,-0.0542577279309159,False
588.866666666667,-252.1103,1184.317,-408.5016,66.68141588606592,3.680122,50.229662913072424,482.0,482.0,702.317016601563,702.317016601563,4.0,0.0,883.616027832031,3940.97588940837,False,-inf,-0.0109055174927208,-0.00788044031033951,False
589.866666666667,-289.7365,1186.652,-462.5763,65.49054405005732,1.11308,50.10246628255338,482.0,482.0,704.651977539063,704.651977539063,4.0,0.0,897.743896484375,3876.63142914071,False,-inf,-0.35,-0.00587276952591692,False
590.883333333333,-323.213,1185.992,-520.8258,66.60699569847243,-2.988255,49.95808091818041,482.0,482.0,703.991943359375,703.991943359375,4.0,0.0,906.442504882813,3810.01298910748,False,-inf,0.200875056867494,0.00586272865567947,False
591.883333333333,-352.4743,1181.175,-579.9199,65.95185435410671,-6.333202,49.2472121817616,482.0,482.0,699.175048828125,699.175048828125,4.0,0.0,910.922729492188,3744.22344465545,False,-inf,-0.348784965046273,-0.999986859570954,False
592.9,-377.4196,1173.787,-642.0176,66.28583042922583,-8.657559,31.260405414999177,482.0,482.693115234375,691.786987304688,691.093872070313,4.0,0.0,910.267150878906,3677.30590835149,False,-inf,-0.245343470073021,0.58206091501789,False
593.9,-398.6763,1163.06,-704.0654,66.74393519566704,-12.96527,30.346079365529405,485.0,485.0,678.06005859375,678.06005859375,4.0,0.0,906.221496582031,3611.84285890281,False,-inf,0.353022263705638,-0.170514485127314,False
594.9,-417.475,1147.98,-766.7366,67.56303178140098,-16.75672,25.57385659410527,485.0,485.0,662.97998046875,662.97998046875,4.0,0.0,899.666015625,3546.74219887911,False,-inf,-0.289400199350765,-0.0187700120623813,False
595.916666666667,-433.6187,1130.082,-831.8138,68.9970484591341,-18.76461,29.738343032234148,485.0,485.0,645.08203125,645.08203125,4.0,1.0,736.976745605469,3063.71681618572,False,-inf,0.132465888896725,0.99999999999999,False
596.916666666667,-445.2363,1110.152,-897.6716,70.79017963816781,-21.57718,55.64102010496499,485.0,485.0,625.151977539063,625.151977539063,4.0,1.0,762.365417480469,3072.44669431259,False,-inf,-0.0554902923912979,-0.512449490475411,False
597.916666666667,-449.887,1086.042,-965.2312,73.02071166169853,-26.5188,42.61831967521602,485.0,484.372314453125,601.0419921875,601.669677734375,4.0,1.0,783.269409179688,3136.85904492048,False,-inf,0.0385463816199718,-0.999999999999987,False
598.933333333333,-450.4294,1056.475,-1034.789,75.61723564310124,-31.04015,0.3805012717463797,482.0,482.0,574.474975585938,574.474975585938,4.0,1.0,800.672485351563,3204.20666773303,False,-inf,0.0557756825415355,-1.0,False
599.933333333333,-448.6112,1024.471,-1104.342,77.02453017027413,-31.91702,-37.8404819173996,482.0,482.0,542.470947265625,542.470947265625,4.0,1.0,815.784729003906,3272.12289031415,False,-inf,0.949060660489433,0.99999999871057,False
600.933333333333,-449.6494,996.2635,-1175.707,76.6979306107361,-24.74993,-45.632994410076364,482.0,482.0,514.263488769531,514.263488769531,4.0,1.0,834.107177734375,3341.1026212498,False,-inf,0.943715540318733,-0.39814941958606,False
601.95,-458.4381,973.8845,-1248.766,74.36433908091902,-18.47713,-50.50531290830986,482.0,482.0,491.884521484375,491.884521484375,4.0,1.0,860.359985351563,3409.84670009806,False,-inf,0.941962399773786,-0.032095224702055,False
602.95,-479.0084,960.6498,-1315.986,68.2473356416026,-7.275331,-49.63544838374224,482.0,482.0,478.649780273438,478.649780273438,4.0,1.0,896.625305175781,3470.06673878265,False,-inf,0.39343396702347,-0.0228965761926057,False
603.95,-511.664,958.7548,-1371.416,61.76420890061542,2.344731,-51.77235177646216,482.0,482.0,476.754821777344,476.754821777344,4.0,1.0,941.757019042969,3515.91743965305,False,-inf,-0.35,0.996661565219367,False
604.95,-553.5379,964.2946,-1414.034,59.76337141980242,7.805366,-28.506884843159465,482.0,482.0,482.294616699219,482.294616699219,4.0,1.0,993.278747558594,3547.1017340154,False,-inf,0.279181253862959,-0.944549360817902,False
605.966666666667,-602.7128,972.0712,-1450.36,61.5235630676096,6.507556,-27.345270209311234,482.0,482.0,490.071228027344,490.071228027344,4.0,1.0,1050.76745605469,3570.41046964755,False,-inf,0.504302796465898,-1.0,False
606.966666666667,-656.3781,977.7141,-1480.736,62.06978183397912,5.690792,-56.84514820721193,482.0,482.0,495.714111328125,495.714111328125,4.0,1.0,1111.07873535156,3586.85774712274,False,-inf,0.923234040583713,0.576030962992661,False
607.983333333333,-715.986,984.4308,-1499.115,62.00285885759421,7.159557,-50.18978505053131,482.0,482.0,502.430786132813,502.430786132813,4.0,1.0,1173.45153808594,3590.2243633352,False,-inf,0.224614298504719,-0.0737016230354388,False
608.983333333333,-777.9019,991.7568,-1504.437,63.20875371036344,7.702728,-50.663334668206936,482.0,482.0,509.756774902344,509.756774902344,4.0,1.0,1234.11267089844,3580.36447356306,False,-inf,0.113262005411806,0.0510753084444578,False
609.983333333333,-840.8943,999.6694,-1498.381,64.52330607604843,7.664927,-51.306823567918364,482.0,482.0,517.669372558594,517.669372558594,4.0,1.0,1292.75317382813,3559.20606667309,False,-inf,0.0544771006433413,0.0658183419160937,False
611.0,-904.5771,1007.43,-1481.058,66.22412082770597,7.301199,-50.273207705502365,482.0,482.0,525.429992675781,525.429992675781,4.0,1.0,1349.59411621094,3526.94865084698,False,-inf,0.497391933497471,0.0132140552150834,False
612.0,-964.2468,1014.763,-1454.247,64.94735871311643,7.476539,-50.49471318909994,482.0,482.0,532.763000488281,532.763000488281,4.0,1.0,1400.91076660156,3486.46139891271,False,-inf,0.923234040583713,-0.00085579303473762,False
613.016666666667,-1016.1,1023.634,-1416.16,63.232194493648564,10.74121,-52.15491569627101,482.0,482.0,541.633972167969,541.633972167969,4.0,1.0,1441.97290039063,3436.93151279604,False,-inf,0.835835732154873,0.20215708696717,False
614.016666666667,-1053.069,1037.031,-1368.241,61.03204302345039,16.03363,-51.78570169308871,482.0,482.0,555.031005859375,555.031005859375,4.0,1.0,1466.21081542969,3381.47407848993,False,-inf,-0.103614399854012,0.0609488151581858,False
615.016666666667,-1074.954,1054.135,-1314.303,60.920609955050516,17.77617,-50.27435362109262,482.0,482.0,572.135009765625,572.135009765625,4.0,1.0,1474.35498046875,3323.8378882679,False,-inf,0.0182598514720541,0.00825414496814111,False
616.033333333333,-1088.558,1071.796,-1255.892,62.095997395778255,16.3378,-50.44452208624647,482.0,482.0,589.796020507813,589.796020507813,4.0,1.0,1473.37927246094,3263.87146861455,False,-inf,-0.270756399715541,0.030849321386841,False
617.033333333333,-1096.967,1086.459,-1195.498,63.38929222640247,13.04176,-49.759837521065144,482.0,482.0,604.458984375,604.458984375,4.0,1.0,1466.88354492188,3203.24224434652,False,-inf,-0.228215977845556,0.999986409989146,False
618.05,-1102.745,1098.196,-1131.517,65.09098332952036,10.12222,-24.317073670485808,482.0,482.0,616.196044921875,616.196044921875,4.0,,,,False,-inf,-0.21713084421346,1.0,True
619.05,-1108.911,1106.697,-1066.366,66.87805483493213,6.533595,3.0485938363320844,482.0,482.0,624.697021484375,624.697021484375,4.0,,,,False,-inf,-0.45,-0.772702335413211,True
620.066666666667,-1115.602,1110.515,-997.8057,69.02809823864648,0.488655,-1.4667719555349075,482.0,482.0,628.515014648438,628.515014648438,4.0,,,,False,-inf,0.0779666241068759,0.286520759570116,True
621.066666666667,-1121.338,1107.622,-927.4036,72.33441632036649,-5.922926,0.22757883622596298,482.0,482.0,625.621948242188,625.621948242188,4.0,,,,False,-inf,0.0863668368296096,0.0481569747766572,True
622.066666666667,-1125.863,1099.451,-854.6919,74.06045140917631,-9.892956,1.4823564075624658,482.0,482.0,617.451049804688,617.451049804688,4.0,,,,False,-inf,0.0978802189838841,-0.0100225356108615,True
623.066666666667,-1128.243,1088.855,-780.562,75.81422508172014,-10.66339,2.770823897252661,482.0,482.0,606.85498046875,606.85498046875,4.0,,,,False,-inf,-0.0495563582652172,0.0263184767852692,True
624.083333333333,-1128.566,1077.897,-703.3358,77.52653137716445,-10.75316,4.644453183109966,482.0,482.0,595.89697265625,595.89697265625,4.0,,,,False,-inf,0.344364423121941,0.0133095238887249,True
625.083333333333,-1126.467,1068.462,-625.8018,78.72754563882835,-7.557365,5.165787480899502,479.0,479.5703125,589.462036132813,588.891723632813,4.0,,,,False,-inf,0.0173037654357793,-0.0110488081344318,True
626.1,-1122.145,1062.437,-545.6473,79.5699288880487,-4.333688,4.836852410714896,479.0,479.0,583.43701171875,583.43701171875,4.0,,,,False,-inf,0.0717528803875765,0.0177483456333781,True
627.1,-1116.499,1059.465,-466.124,79.86014001214421,-1.550174,5.102590236096573,479.0,479.0,580.464965820313,580.464965820313,4.0,,,,False,-inf,0.0928482226473,0.00366865928316207,True
628.1,-1109.926,1059.778,-386.5621,79.70840151221891,2.032439,5.137082295363448,479.0,479.0,580.777954101563,580.777954101563,4.0,,,,False,-inf,0.31501817696789,-0.0264233404447046,True
629.116666666667,-1102.611,1063.745,-306.7709,77.83577216160471,4.726217,22.132786668108572,479.0,479.0,584.744995117188,584.744995117188,5.0,0.0,68.18408203125,4807.32022788024,False,-inf,0.256047187635097,1.0,False
630.116666666667,-1097.879,1067.78,-230.783,74.17599786023025,3.923028,57.387681943421306,479.0,479.0,588.780029296875,588.780029296875,5.0,0.0,144.303680419922,4882.79789012684,False,-inf,0.923234040583712,-0.660728324516303,False
631.133333333333,-1104.502,1073.172,-159.091,67.6554987627078,7.063466,51.396434167076826,479.0,479.0,594.171997070313,594.171997070313,5.0,0.0,215.622222900391,4951.87433030921,False,-inf,-0.223321178467559,0.00715203694146732,False
632.133333333333,-1124.755,1081.38,-98.14506,63.12010313806067,8.592554,49.914306942632415,479.0,478.999755859375,602.380004882813,602.380249023438,5.0,0.0,276.981842041016,5007.78180327025,False,-inf,0.254469877017505,0.0118550891291876,False
633.133333333333,-1154.685,1089.862,-43.49188,63.167639597355716,8.534589,50.63010311608935,479.0,479.0,610.862060546875,610.862060546875,5.0,0.0,334.335113525391,5055.65164837105,False,-inf,0.222346013847308,-0.0302115571194472,False
634.15,-1194.245,1098.32,6.934114,64.15914044690429,7.869167,51.11499729810856,479.0,479.0,619.319946289063,619.319946289063,5.0,0.0,391.042999267578,5097.51951002724,False,-inf,0.188936919911686,-0.0617891548650809,False
635.15,-1241.163,1105.831,50.61269,65.00225210240187,7.471347,50.66344925976597,479.0,479.0,626.8310546875,626.8310546875,5.0,0.0,445.391265869141,5131.34970386853,False,-inf,0.088126170475187,-0.0123470017450405,False
636.15,-1294.435,1112.954,87.82544,65.57234209860808,6.826967,50.64849506131305,479.0,479.127197265625,633.953979492188,633.826782226563,5.0,0.0,498.343017578125,5157.61200060986,False,-inf,-0.224338240717928,-0.025639453244256,False
637.166666666667,-1354.069,1119.493,117.5423,65.95376868373937,5.55479,50.34482742989371,482.0,481.603515625,637.493041992188,637.889526367188,5.0,0.0,549.916015625,5175.29403673475,False,-inf,0.490613230815225,-0.0126749312322441,False
638.166666666667,-1415.995,1124.122,138.5486,65.80976375464662,3.39122,50.29051103091531,482.0,480.35400390625,642.121948242188,643.767944335938,5.0,0.0,598.109191894531,5183.98710715922,False,-inf,0.211629318901723,-0.00960901493427613,False
639.183333333333,-1481.98,1126.314,151.5107,65.97120642623483,0.538535,50.63027500342789,482.0,481.43408203125,644.31396484375,644.8798828125,5.0,0.0,645.055297851563,5184.00511361828,False,-inf,0.0697202881440943,-0.035763262636151,False
640.183333333333,-1547.439,1125.411,155.5806,65.68591712980583,-2.475538,49.34318261244601,482.0,481.999755859375,643.411010742188,643.411254882813,5.0,0.0,688.135437011719,5175.39854359075,False,-inf,0.160765300149147,0.0570105836607184,False
641.183333333333,-1613.532,1121.849,151.198,66.5500149149351,-4.984226,49.97286322929479,482.0,481.408203125,639.848999023438,640.440795898438,5.0,0.0,728.866943359375,5158.37525851475,False,-inf,0.414374037787411,0.00763986358066283,False
642.2,-1679.188,1115.501,138.7369,66.03094774531209,-7.741194,49.691426360326524,482.0,481.999755859375,633.5009765625,633.501220703125,5.0,0.0,767.384033203125,5133.50899850459,False,-inf,-0.308460960837317,0.0225473321069888,False
643.2,-1741.624,1105.146,119.5473,66.24122706633536,-13.14391,50.01491833145738,710.0,662.244384765625,395.14599609375,442.901611328125,5.0,0.0,802.908020019531,5102.659640022,False,-inf,-0.22370604913974,-0.00344255300957692,False
644.216666666667,-1802.951,1088.621,96.30954,67.05886200424221,-19.68572,49.70901616463704,779.0,779.0,309.620971679688,309.620971679688,5.0,0.0,838.811767578125,5068.05162793472,False,0.0,0.994399794739219,-0.0325308974801029,False
645.216666666667,-1860.927,1066.365,70.79411,66.93354495995412,-23.08861,46.333779089300876,779.0,779.0,287.364990234375,287.364990234375,5.0,0.0,874.109497070313,5031.8532029075,False,7.66307551116869,1.0,0.0695344670844467,False
646.216666666667,-1915.076,1047.08,38.92904,64.22677394108628,-13.93268,46.80984972127507,782.0,780.488525390625,265.079956054688,266.591430664063,5.0,0.0,906.13134765625,4990.16080382711,False,1.56166339189727,0.403252133048353,-0.0768920284521714,False
647.233333333333,-1962.11,1038.38,-3.536362,62.85216667216926,-4.120188,45.83937380788249,782.0,782.0,256.380004882813,256.380004882813,5.0,0.0,930.485046386719,4939.43591199596,False,0.276377518971761,0.100265479059759,-0.0419680069673369,False
648.233333333333,-2003.11,1037.266,-52.35571,64.72990866137097,1.589473,41.081990643352235,782.0,782.0,255.265991210938,255.265991210938,5.0,0.0,950.577514648438,4883.63734256809,False,3.16743524869283,0.518124263354406,-0.999999999992287,False
649.233333333333,-2040.521,1042.46,-105.6704,66.1520214329845,7.931721,5.82302736769407,782.0,781.999755859375,260.4599609375,260.460205078125,5.0,0.0,969.733276367188,4824.11838362451,False,-inf,-0.240146209716797,-1.0,False
650.25,-2076.529,1050.677,-161.9433,65.509384594045,7.1678,1.0296624536296024,782.0,782.0,268.677001953125,268.677001953125,5.0,0.0,990.791015625,4761.96655037158,False,-inf,-0.246507934570313,-0.29208120329468,False
651.25,-2109.661,1056.228,-217.2414,64.53508730869191,4.014033,0.5156047198382279,782.0,782.0,274.22802734375,274.22802734375,5.0,,,,False,-inf,0.283112727723592,0.0178371225526271,True
652.25,-2143.34,1059.404,-273.2751,66.81735954959687,2.635448,-0.3377586202296203,782.0,757.97705078125,277.404052734375,301.427001953125,5.0,,,,False,-inf,-0.103867413485816,0.0379850857277883,True
653.266666666667,-2179.486,1061.618,-332.3778,69.21489720490078,1.508041,0.43762516392092277,602.0,602.705322265625,459.618041992188,458.912719726563,5.0,,,,False,-inf,-0.0069121875404964,-0.0797506283602959,True
654.266666666667,-2215.87,1062.368,-391.5241,69.56791723887905,0.223015,0.07299482309966687,602.0,602.0,460.368041992188,460.368041992188,5.0,,,,False,-inf,-0.0490352761412612,-0.0259181021181838,True
655.266666666667,-2251.955,1062.055,-451.1687,69.88723860976901,-0.857433,-0.6962010168634634,602.0,602.0,460.055053710938,460.055053710938,5.0,,,,False,-inf,-0.0542899480924179,0.0488901552257847,True
656.283333333333,-2288.394,1060.719,-511.9039,69.15729817917766,-2.290117,15.75845930993962,599.0,600.149658203125,461.718994140625,460.5693359375,6.0,0.0,55.6914329528809,4935.9723011151,False,-inf,0.0866001167638246,1.0,False
657.283333333333,-2321.472,1057.093,-571.838,67.48954238201797,-4.00497,54.537274208424975,599.0,599.0,458.093017578125,458.093017578125,6.0,0.0,119.242256164551,4910.52465287741,False,-inf,0.927692632695192,-0.626069354235744,False
658.3,-2344.951,1055.149,-634.3492,64.42509304209696,0.612043,51.49601423187056,599.0,599.0,456.149047851563,456.149047851563,6.0,0.0,176.993682861328,4877.00377623946,False,-inf,-0.112427541045909,-0.0282175096872728,False
659.3,-2354.928,1056.948,-698.0888,65.52606243762615,2.539672,49.76453577498521,599.0,599.0,457.947998046875,457.947998046875,6.0,0.0,225.072967529297,4833.98435852977,False,-inf,0.259426492728111,0.0179618141470374,False
660.3,-2354.948,1059.884,-764.5243,66.89929594152602,3.035484,50.28787542505771,599.0,601.228759765625,460.884033203125,458.6552734375,6.0,0.0,267.151489257813,4782.57341801002,False,-inf,-0.0132456016329591,-0.0212532584688087,False
661.3,-2345.019,1062.036,-830.1028,66.09711662967172,1.244045,50.08281383018039,698.0,701.32275390625,364.036010742188,360.713256835938,6.0,0.0,300.986450195313,4725.5268675267,False,-inf,-0.00960831826776487,0.0116638393473856,False
662.316666666667,-2326.748,1062.078,-894.6451,66.12675430542266,-1.901744,46.06912988372995,788.0,788.0,274.078002929688,274.078002929688,6.0,0.0,327.708190917969,4664.00036644686,False,-inf,0.213340589930819,0.0540345258745009,False
663.316666666667,-2303.974,1058.306,-956.4183,66.23665374196774,-4.983873,45.97831607320171,788.0,788.0,270.306030273438,270.306030273438,6.0,0.0,349.191864013672,4601.76687808395,False,0.0,0.945904579052891,-0.00145368502835547,False
664.333333333333,-2274.621,1053.171,-1016.606,65.96886111727484,-4.032036,45.62050393014251,788.0,788.0,265.171020507813,265.171020507813,6.0,0.0,364.578491210938,4536.59412011368,False,0.0,0.115378062574638,0.0140864409789598,False
665.333333333333,-2238.859,1050.578,-1071.956,66.11201718845923,-1.582627,45.640041790956474,788.0,786.470703125,262.578002929688,264.107299804688,6.0,0.0,371.941497802734,4471.10918938507,False,-inf,-0.241933227539062,0.00328038759589395,False
666.333333333333,-2199.09,1048.158,-1124.576,65.93078147369205,-3.890356,45.368688979182515,785.0,785.0,263.157958984375,263.157958984375,6.0,0.0,374.474853515625,4405.19988784761,False,0.0,0.968153852062358,0.00204007183082815,False
667.35,-2153.927,1044.495,-1174.102,66.14849775865281,-2.400964,46.104424083910004,785.0,781.66455078125,259.494995117188,262.830444335938,6.0,0.0,370.874969482422,4338.27059139459,False,0.0,-0.23365253445916,-0.0484848832076518,False
668.35,-2104.04,1043.129,-1217.22,65.91451568207872,-0.759449,45.13704214261112,767.0,629.181640625,276.129028320313,413.947387695313,6.0,0.0,359.559600830078,4273.31051530315,False,-inf,-0.247606384277344,0.0900623910035179,False
669.366666666667,-2049.514,1042.976,-1256.347,65.88832236384798,-0.404907,50.86501581209299,482.0,485.65966796875,560.975952148438,557.316284179688,6.0,0.0,342.127624511719,4208.50205413916,False,-inf,-0.245237199943813,-0.0960610447454619,False
670.366666666667,-1993.505,1041.049,-1291.292,66.00022683392562,-3.700644,50.06407811027961,482.0,482.0,559.048950195313,559.048950195313,6.0,0.0,320.899536132813,4145.99133854931,False,-inf,-0.21518537755713,0.00409400556490151,False
671.383333333333,-1935.305,1035.051,-1324.192,66.12418352341695,-8.522195,49.817878145711894,482.0,482.0,553.051025390625,553.051025390625,6.0,0.0,296.681396484375,4083.67644237515,False,-inf,-0.198902796828821,0.0102558259711781,False
672.383333333333,-1876.894,1023.378,-1353.713,66.9618595946476,-14.70728,49.67933695084926,482.0,482.0,541.377990722656,541.377990722656,6.0,0.0,270.159820556641,4023.84389498818,False,-inf,0.107200634169092,0.0211108090009896,False
673.383333333333,-1817.423,1005.485,-1380.712,68.55559157372504,-20.73496,43.744353629986634,482.0,482.0,523.484985351563,523.484985351563,6.0,0.0,241.221694946289,3965.29202043946,False,-inf,0.924394612248945,-0.728213465068148,False
674.4,-1755.989,982.9579,-1406.024,69.84625493087586,-22.57583,27.85583290055231,482.0,482.0,500.957885742188,500.957885742188,6.0,0.0,209.695465087891,3906.80298588699,False,-inf,-0.35,0.0720247720983326,False
675.4,-1692.656,960.0319,-1428.298,71.96211296802436,-23.99541,19.200789743085608,482.0,482.0,478.031921386719,478.031921386719,6.0,0.0,174.775863647461,3849.46359410067,False,-inf,0.812327646432394,-0.291226075409115,False
676.4,-1627.151,935.8699,-1449.092,73.77479932656341,-24.06843,8.981743692250298,482.0,482.0,453.869873046875,453.869873046875,6.0,0.0,137.238372802734,3791.89452734804,False,-inf,-0.385402404785156,-0.525948247781253,False
677.416666666667,-1558.896,910.0115,-1469.06,75.03157885968147,-27.27995,-8.699275499250803,482.0,482.0,428.011474609375,428.011474609375,6.0,0.0,97.0495300292969,3733.22361915515,False,-inf,-0.298538498928217,-0.107567476328131,False
678.416666666667,-1491.607,880.6917,-1487.97,76.185694976901,-30.11451,-19.877281011796573,482.0,482.0,398.691711425781,398.691711425781,6.0,0.0,56.9376182556152,3675.98277719045,False,-inf,0.949508837148829,0.182460973834749,False
679.416666666667,-1423.118,854.3109,-1509.142,76.71570319241101,-21.17226,-3.918687544017752,482.0,482.0,372.310913085938,372.310913085938,6.0,0.0,17.3295421600342,3616.23199094885,True,-inf,0.395521848652327,-0.0210420390527508,False
680.433333333333,-1350.277,839.0033,-1533.953,77.76817775192322,-9.266432,4.361297440756314,482.0,482.0,357.003295898438,357.003295898438,6.0,1.0,5.25569820404053,3470.12153845248,False,-inf,-0.312752471923828,0.999999999998304,False
681.433333333333,-1276.663,832.5399,-1558.13,77.44325852171241,-5.622509,40.076335121338616,482.0,482.0,350.539916992188,350.539916992188,6.0,1.0,70.803352355957,3511.43742466058,False,-inf,0.915378844936166,1.0,False
682.433333333333,-1202.76,827.5864,-1576.367,75.06475989849882,-3.359026,54.69225929200786,482.0,482.0,345.58642578125,345.58642578125,6.0,1.0,142.042037963867,3547.06129911206,False,-inf,0.923234040583713,-0.266885235095192,False
683.433333333333,-1130.118,826.6193,-1579.463,70.31081540156391,1.816324,50.27080128276281,482.0,482.0,344.619323730469,344.619323730469,6.0,1.0,214.6884765625,3567.68983907294,False,-inf,0.226241623219748,2.360599322163e-05,False
684.45,-1062.976,830.8006,-1564.808,65.8552554917062,5.62217,51.36749979842272,482.0,482.0,348.800598144531,348.800598144531,6.0,1.0,282.108581542969,3569.76394522861,False,-inf,0.920566042014366,-0.088140506920413,False
685.45,-1005.17,837.5551,-1537.801,63.483675140641594,7.488354,51.41969625355914,482.0,482.0,355.555114746094,355.555114746094,6.0,1.0,341.942474365234,3557.58913873048,False,-inf,0.756762073698745,-0.0818760337382722,False
686.466666666667,-953.4043,845.9955,-1499.913,64.02452947433098,9.225824,51.02481374115497,482.0,482.0,363.995483398438,363.995483398438,6.0,1.0,399.013275146484,3533.39378002547,False,-inf,0.0766712748618339,-0.026084035882787,False
687.466666666667,-909.1075,855.7565,-1454.033,64.97786452592452,10.10529,51.15877127365656,482.0,482.0,373.756469726563,373.756469726563,6.0,1.0,452.632995605469,3499.63228077204,False,-inf,0.923234040143336,-0.0832204686391451,False
688.483333333333,-872.8991,867.0787,-1400.289,64.30715151655374,12.60369,52.46190648290211,482.0,482.0,385.078674316406,385.078674316406,6.0,1.0,500.799530029297,3456.27973742238,False,-inf,-0.102593580356551,-0.2025,False
689.483333333333,-849.033,880.4902,-1342.325,64.31227531832938,13.59727,50.82977890769244,482.0,482.0,398.490173339844,398.490173339844,6.0,1.0,538.0166015625,3405.83819945619,False,-inf,-0.0465666511724591,-0.0468954780130025,False
690.483333333333,-833.6746,893.8367,-1280.903,65.22843353137112,12.82333,50.076453998654436,482.0,482.0,411.836669921875,411.836669921875,6.0,1.0,567.818969726563,3349.97866804873,False,-inf,-0.259589487457881,0.0195762905924605,False
691.5,-824.106,905.7461,-1215.785,66.21620530521002,10.12759,50.16927316146563,482.0,482.0,423.74609375,423.74609375,6.0,1.0,592.901550292969,3289.12790998506,False,-inf,-0.238939961196803,-0.012691749554258,False
692.5,-818.5374,913.8743,-1150.764,65.5822146855712,6.098715,45.05734371330842,482.0,482.0,431.874328613281,431.874328613281,6.0,1.0,614.079956054688,3227.40098607795,False,-inf,-0.212262258986281,-0.99999999999998,False
693.516666666667,-814.976,918.087,-1083.647,66.58420941368338,2.279061,12.671362709774748,482.0,482.0,436.086975097656,436.086975097656,6.0,1.0,633.819763183594,3163.1535243673,False,-inf,-0.214342549174962,-1.0,False
694.516666666667,-810.6365,918.3644,-1017.723,65.83400271532653,-2.005872,-26.04379657767157,482.0,482.0,436.364379882813,436.364379882813,6.0,1.0,654.024841308594,3100.25283062962,False,-inf,-0.202702277765556,-1.0,False
695.516666666667,-803.148,913.1883,-952.0997,66.58630074578,-8.603022,-54.51624665734367,482.0,482.0,431.188293457031,431.188293457031,6.0,2.0,221.911544799805,1662.10193732346,False,-inf,0.0506470414195924,0.999999998145401,False
696.516666666667,-791.8511,902.0228,-886.9537,67.61466806045047,-13.17782,-27.6836590831155,482.0,482.0,420.022827148438,420.022827148438,6.0,2.0,182.690002441406,1662.10193732346,False,-inf,0.050647040015949,1.0,False
697.516666666667,-779.052,887.1534,-821.6427,68.76176808617198,-16.25943,-0.8182410272263286,482.0,482.0,405.153381347656,405.153381347656,6.0,2.0,133.111114501953,1662.10193732346,False,-inf,-0.231024612328625,-0.159743798970947,False
698.533333333333,-764.4457,869.4644,-754.9423,70.02785327346041,-18.6205,-1.2727684461036108,482.0,482.0,387.464416503906,387.464416503906,6.0,2.0,76.937744140625,1662.10193732346,False,-inf,0.0506031741190333,0.00231899761702886,False
699.533333333333,-748.1249,849.6045,-688.9208,71.7149236202661,-20.88911,-1.337054310717289,482.0,482.0,367.6044921875,367.6044921875,6.0,2.0,16.1152648925781,1662.10193732346,False,7.55772254053709,-0.0207819043533484,0.0255481418482624,False
700.533333333333,-730.1419,828.117,-621.8701,73.59202247325248,-21.97728,-1.3028487303479788,482.0,482.0,346.117004394531,346.117004394531,6.0,2.0,48.3573913574219,1662.10193732346,False,14.615454795831,-0.0307326227322333,-0.0174855590915656,False
701.55,-710.5769,804.9905,-552.4042,75.47516831685572,-23.38094,-1.2838838273291486,482.0,482.0,322.990478515625,322.990478515625,6.0,2.0,119.176452636719,1662.10193732346,False,16.4834235640691,-0.0302169880473165,0.0257128646491488,False
702.55,-690.5087,781.0431,-482.6742,77.31609474522688,-24.41094,-1.2456675423939227,482.0,482.0,299.043090820313,299.043090820313,6.0,2.0,189.059387207031,1662.10193732346,False,18.3695013199089,-0.0125304401232736,0.0285810488589835,False
703.566666666667,-669.7103,755.8835,-410.0635,79.26148349168403,-25.0287,-1.196393172012672,482.0,482.0,273.883483886719,273.883483886719,6.0,2.0,261.130187988281,1662.10193732346,False,20.2072679364905,-0.0157908044136635,0.0342300870461032,False
704.566666666667,-648.8757,730.4787,-336.8604,81.18699169877155,-25.90302,-1.1499262948275624,482.0,482.0,248.478698730469,248.478698730469,6.0,2.0,335.350158691406,1662.10193732346,False,28.5404748676304,-0.0137808472295268,-0.00531973727610778,False
705.566666666667,-627.076,704.0928,-262.1489,83.11624011022455,-26.95398,-1.1074701222083683,482.0,481.999755859375,222.0927734375,222.093017578125,6.0,2.0,411.678894042969,1662.10193732346,False,31.4497497558594,-0.0186984653574563,-0.00384113914251594,False
706.583333333333,-604.2303,676.0884,-184.7048,84.96742831289765,-28.03736,-0.9594751237260766,482.0,482.0,194.08837890625,194.08837890625,6.0,2.0,489.845520019531,1662.10193732346,False,32.0833190917969,-0.0064304497408057,-0.0159640816910486,False
707.583333333333,-580.968,647.476,-107.2219,86.33613409882851,-28.75253,-0.6102573475938399,482.0,481.999755859375,165.476013183594,165.476257324219,6.0,2.0,537.6181640625,1662.10193732346,False,32.5630981445313,1.0,0.014284937762292,False
708.6,-557.4327,622.0988,-26.59696,86.49969544597774,-19.36796,0.08370913386861328,482.0,482.0,140.098815917969,140.098815917969,6.0,2.0,537.6181640625,1662.10193732346,False,33.7213989257813,0.33165860496287,0.00158503297688321,False
709.6,-533.4641,608.6582,55.28966,85.98620577303504,-8.446368,-0.8197307174936688,482.0,482.0,126.658203125,126.658203125,6.0,2.0,737.10791015625,1662.10193732346,False,34.2281433105469,-0.18,-0.0244084921192575,False
710.6,-509.1098,603.3152,136.7415,84.34959299551657,-1.3416,-0.12914468702248755,482.0,481.999755859375,121.315185546875,121.3154296875,6.0,2.0,741.349731445313,1662.10193732346,False,33.7355712890625,0.306064467020386,0.00950058289562915,False
711.616666666667,-483.5011,607.9025,217.6536,83.11808625241862,10.12562,-0.179564972994,482.0,482.0,125.902526855469,125.902526855469,6.0,2.0,741.349731445313,1662.10193732346,False,32.9996063232422,0.172513018490878,-0.00039210486789414,False
712.616666666667,-457.9188,622.6558,294.8645,82.41869352449964,18.52706,-0.2048324117592693,482.0,482.0,140.655822753906,140.655822753906,6.0,2.0,741.349731445313,1662.10193732346,False,32.1237365722656,0.189570656159702,0.00856735602125596,False
713.633333333333,-431.4917,644.0306,371.321,82.21648387547658,23.17872,0.0023491269600363755,485.0,483.894775390625,159.030578613281,160.135803222656,6.0,2.0,741.349731445313,1662.10193732346,False,31.5526153564453,0.0917166561965189,0.00993150297835236,False
714.633333333333,-405.0389,668.6775,445.1044,82.11661130807397,25.86342,0.06296806168487747,602.0,596.267333984375,66.677490234375,72.41015625,6.0,2.0,741.349731445313,1662.10193732346,False,31.1749176025391,0.0420948783472355,-0.0193060415249043,False
715.633333333333,-378.6752,695.1809,518.0846,81.87737115450825,26.97323,-0.17555426842808422,602.0,632.744140625,93.180908203125,62.436767578125,6.0,2.0,741.349731445313,1662.10193732346,False,30.9227386474609,-0.110723928846394,0.0166318973554613,False
