event_id,event_type,elapsed_s,wall_time,process_frame,physics_frame,wall_delta_ms,engine_delta_ms,fps,process_ms,physics_ms,navigation_ms,draw_calls,render_objects,static_mem_mb,node_count,orphan_node_count,camera_path,camera_x,camera_y,camera_z,terrain_chunks,nav_path_pending,nav_path_running,enemy_count,aircraft_count,ai_aircraft_count,ground_vehicle_count,materializing_flights,panel_pool_checked_out,panel_render_warm_count,panel_render_warm_complete,terrain_transition_active,terrain_handoff_active,terrain_pending_builds,terrain_building,terrain_pending_unloads,view_transition_active,view_transition_phase,scope_top
1,severe_hitch,1.388,"2026-10-05 20:31:09",0,8,1388.384,133.505,1.0,0.000,0.000,0.000,0,0,211.103,1814,5,"/root/AircraftGroundSkidSmoketest/@Node3D@877/@Camera3D@882",0.000,0.000,0.000,-1,0,0,0,1,0,0,0,0,0,0,0,0,-1,-1,-1,0,0,"HUD.ready total_ms=16.738 max_ms=9.987 count=2 | HUD.controls total_ms=14.442 max_ms=7.921 count=2 | HUD.material total_ms=1.916 max_ms=1.916 count=1 | Aircraft.physics total_ms=0.502 max_ms=0.502 count=1"
2,severe_hitch,1.839,"2026-10-05 20:31:10",2,24,331.179,131.235,1.0,394.051,1.303,0.002,202,431,223.560,1928,0,"/root/AircraftGroundSkidSmoketest/@Node3D@877/@Camera3D@882",19.000,14.278,-17.259,-1,0,0,0,1,0,0,0,0,0,0,0,0,-1,-1,-1,0,0,"Aircraft.physics total_ms=0.555 max_ms=0.555 count=1"
3,hitch,2.023,"2026-10-05 20:31:10",31,35,90.016,94.865,1.0,394.051,1.303,0.002,137,234,223.434,1928,0,"/root/AircraftGroundSkidSmoketest/@Node3D@877/@Camera3D@882",19.000,13.741,-10.858,-1,0,0,0,1,0,0,0,0,2,1,0,0,-1,-1,-1,0,0,"none"
4,hitch,4.642,"2026-10-05 20:31:13",1232,192,67.390,58.374,487.0,4.017,8.988,0.002,155,252,224.413,1982,0,"/root/AircraftGroundSkidSmoketest/@Node3D@877/@Camera3D@882",18.993,13.841,76.837,-1,0,0,0,1,0,0,0,0,2,1,0,0,-1,-1,-1,0,0,"none"
5,hitch,4.683,"2026-10-05 20:31:13",1234,195,37.404,36.211,487.0,4.017,8.988,0.002,157,254,224.390,1982,0,"/root/AircraftGroundSkidSmoketest/@Node3D@877/@Camera3D@882",18.992,13.862,78.452,-1,0,0,0,1,0,0,0,0,2,1,0,0,-1,-1,-1,0,0,"none"
6,hitch,14.212,"2026-10-05 20:31:22",6345,763,74.405,1.420,584.0,3.405,1.001,0.001,91,172,222.988,1921,0,"/root/AircraftGroundSkidSmoketest/@Node3D@877/@Camera3D@882",18.985,13.931,332.756,-1,0,0,0,0,0,0,0,0,2,1,0,0,-1,-1,-1,0,0,"HUD.ready total_ms=4.474 max_ms=4.474 count=1 | HUD.controls total_ms=4.348 max_ms=4.348 count=1"
7,hitch,17.295,"2026-10-05 20:31:25",7889,951,71.807,62.418,507.0,4.891,7.866,0.002,174,257,225.245,2015,0,"/root/AircraftGroundSkidSmoketest/@Node3D@877/@Camera3D@882",18.903,12.799,60.073,-1,0,0,0,1,0,0,0,0,2,1,0,0,-1,-1,-1,0,0,"none"
8,hitch,17.339,"2026-10-05 20:31:25",7891,954,40.482,38.672,507.0,4.891,7.866,0.002,175,258,225.227,2015,0,"/root/AircraftGroundSkidSmoketest/@Node3D@877/@Camera3D@882",18.901,12.799,61.128,-1,0,0,0,1,0,0,0,0,2,1,0,0,-1,-1,-1,0,0,"none"
9,hitch,26.861,"2026-10-05 20:31:35",12909,1522,73.352,1.367,600.0,5.191,0.601,0.002,63,144,223.153,1921,0,"/root/AircraftGroundSkidSmoketest/@Node3D@877/@Camera3D@882",18.769,12.798,109.604,-1,0,0,0,0,0,0,0,0,2,1,0,0,-1,-1,-1,0,0,"HUD.ready total_ms=5.078 max_ms=5.078 count=1 | HUD.controls total_ms=4.950 max_ms=4.950 count=1"
10,hitch,29.937,"2026-10-05 20:31:38",14398,1710,62.984,54.164,486.0,5.380,9.088,0.002,156,239,225.395,2030,0,"/root/AircraftGroundSkidSmoketest/@Node3D@877/@Camera3D@882",18.904,12.813,60.194,-1,0,0,0,1,0,0,0,0,2,1,0,0,-1,-1,-1,0,0,"none"
11,hitch,29.976,"2026-10-05 20:31:38",14400,1713,35.766,34.352,486.0,5.380,9.088,0.002,156,239,225.369,2030,0,"/root/AircraftGroundSkidSmoketest/@Node3D@877/@Camera3D@882",18.902,12.812,61.246,-1,0,0,0,1,0,0,0,0,2,1,0,0,-1,-1,-1,0,0,"none"
12,hitch,39.531,"2026-10-05 20:31:48",19930,2281,92.715,1.395,637.0,4.799,0.638,0.001,63,144,223.728,1920,0,"/root/AircraftGroundSkidSmoketest/@Node3D@877/@Camera3D@882",18.770,12.812,109.442,-1,0,0,0,0,0,0,0,0,2,1,0,0,-1,-1,-1,0,0,"HUD.ready total_ms=4.628 max_ms=4.628 count=1 | HUD.controls total_ms=4.501 max_ms=4.501 count=1"
13,hitch,39.642,"2026-10-05 20:31:48",19934,2292,88.973,86.215,637.0,4.799,0.638,0.001,107,196,223.785,1924,0,"/root/AircraftGroundSkidSmoketest/@Node3D@877/@Camera3D@882",19.000,14.803,-23.086,-1,0,0,0,1,0,0,0,0,2,1,0,0,-1,-1,-1,0,0,"none"
14,hitch,52.172,"2026-10-05 20:32:00",27294,3041,67.679,1.769,615.0,4.565,0.688,0.001,91,168,223.331,1920,0,"/root/AircraftGroundSkidSmoketest/@Node3D@877/@Camera3D@882",19.000,13.505,330.404,-1,0,0,0,0,0,0,0,0,2,1,0,0,-1,-1,-1,0,0,"HUD.ready total_ms=4.568 max_ms=4.568 count=1 | HUD.controls total_ms=4.432 max_ms=4.432 count=1"
15,hitch,64.828,"2026-10-05 20:32:13",34820,3800,72.015,4.222,656.0,3.160,0.504,0.001,62,143,223.286,1920,0,"/root/AircraftGroundSkidSmoketest/@Node3D@877/@Camera3D@882",18.708,12.679,107.063,-1,0,0,0,0,0,0,0,0,2,1,0,0,-1,-1,-1,0,0,"HUD.ready total_ms=4.546 max_ms=4.546 count=1 | HUD.controls total_ms=4.424 max_ms=4.424 count=1"
16,hitch,77.481,"2026-10-05 20:32:25",41842,4559,75.498,1.486,612.0,4.376,0.842,0.008,63,144,223.916,1921,0,"/root/AircraftGroundSkidSmoketest/@Node3D@877/@Camera3D@882",18.691,12.670,106.631,-1,0,0,0,0,0,0,0,0,2,1,0,0,-1,-1,-1,0,0,"HUD.ready total_ms=4.561 max_ms=4.561 count=1 | HUD.controls total_ms=4.425 max_ms=4.425 count=1"
